epoch,loss_train,loss_test
0,143.73016,31.597523
1,24.81714,24.452393
2,22.905607,21.789206
